key,imdb_id,note
budgets:1,tt2488496,Star Wars Ep. VII: The Force Awakens
metrics:1,tt2488496,Star Wars Ep. VII: The Force Awakens
budgets:18,tt2527336,Star Wars Ep. VIII: The Last Jedi
budgets:336,tt0241527,Sorcerer's Stone is the US title
metrics:3922,tt0076759,Star Wars Ep. IV: A New Hope
metrics:135,tt0363771,Narnia: title cut short
metrics:84,tt5433138,F9: The Fast Saga
budgets:385,tt10370822,Tang Ren Jie Tan An 3 = Detective Chinatown 3
metrics:2698,tt0080684,Star Wars Ep. V
metrics:1022,tt4701660,Mei Ren Yu = The Mermaid
budgets:761,tt2709692,Dr. Seuss' The Grinch
metrics:3982,tt1675434,Les Intouchables (2011 release)
metrics:2055,tt0086190,Star Wars Ep. VI
metrics:284,tt0120912,Men in Black 2
metrics:348,tt0290334,X-Men 2 = X2
metrics:454,tt1951261,The Hangover 3
budgets:1153,tt3781476,Zhuo yao ji = Monster Hunt
metrics:933,tt1482459,Dr. Seuss' The Lorax
metrics:118,tt1067106,Disney's A Christmas Carol
metrics:1623,tt3065204,The Conjuring 2: The Enfield Poltergeist
metrics:860,tt5164214,Ocean's 8
metrics:416,tt2908446,The Divergent Series: Insurgent
metrics:3134,tt0443453,Borat
metrics:1058,tt1477715,Michael Jackson's This Is It
metrics:3598,tt0092493,Crocodile Dundee 2
metrics:1299,tt1691917,Disney Planes
budgets:2664,tt0347149,Hauru no ugoku shiro = Howl's Moving Castle
metrics:452,tt0187078,Gone in 60 Seconds
metrics:1311,tt0356634,Garfield: The Movie
metrics:671,tt7713068,Birds of Prey
metrics:3044,tt0119698,Princess Mononoke (US release 1999)
budgets:1121,tt4591310,Xi You Ji zhi Sun Wu Kong San Da Bai Gu Jing = The Monkey King 2
metrics:941,tt0120902,The X Files: Fight the Future
budgets:3230,tt0299977,Jet Li's Hero
metrics:2119,tt1327773,Lee Daniels' The Butler
metrics:430,tt3410834,The Divergent Series: Allegiant
metrics:19,tt2527336,Star Wars Ep. VIII: The Last Jedi
metrics:343,tt0241527,Sorcerer's Stone is the US title
budgets:3887,tt0076759,Star Wars Ep. IV: A New Hope
budgets:131,tt0363771,The Chronicles of Narnia: The Lion the Witch and the Wardrobe
budgets:81,tt5433138,F9: The Fast Saga
budgets:2671,tt0080684,Star Wars Ep. V: The Empire Strikes Back
budgets:1005,tt4701660,Mei Ren Yu is The Mermaid
metrics:774,tt2709692,Dr. Seuss' The Grinch
budgets:3946,tt1675434,Intouchables
budgets:2031,tt0086190,Star Wars Ep. VI: Return of the Jedi
budgets:277,tt0120912,Men in Black 2
budgets:341,tt0290334,X2
budgets:444,tt1951261,The Hangover 3
budgets:917,tt1482459,Dr. Seuss' The Lorax
metrics:1171,tt3781476,Zhuo yao ji is Monster Hunt
budgets:115,tt1067106,Disney's A Christmas Carol
budgets:1601,tt3065204,The Conjuring 2: The Enfield Poltergeist
budgets:845,tt5164214,Ocean's 8 is Ocean's Eight
budgets:407,tt2908446,The Divergent Series: Insurgent
budgets:3106,tt0443453,Borat
budgets:1041,tt1477715,Michael Jackson's This Is It
budgets:3568,tt0092493,Crocodile Dundee II
budgets:1281,tt1691917,Disney Planes
budgets:442,tt0187078,Gone in 60 Seconds
budgets:1293,tt0356634,Garfield: The Movie
budgets:660,tt7713068,Birds of Prey
budgets:924,tt0120902,The X Files: Fight the Future
budgets:2095,tt1327773,Lee Daniels' The Butler
metrics:3258,tt0299977,Jet Li's Hero
budgets:421,tt3410834,The Divergent Series: Allegiant
metrics:345,tt0926084,Deathly Hallows Part I; Roman I is not folded
budgets:338,tt0926084,Deathly Hallows Part I; Roman I is not folded
