iso2,iso3,iso_numeric,name,region,subregion,region_code,subregion_code,aliases
AD,AND,020,Andorra,Europe,Southern Europe,150,039,
AE,ARE,784,United Arab Emirates,Asia,Western Asia,142,145,
AF,AFG,004,Afghanistan,Asia,Southern Asia,142,034,
AG,ATG,028,Antigua and Barbuda,Americas,Latin America and the Caribbean,019,419,
AI,AIA,660,Anguilla,Americas,Latin America and the Caribbean,019,419,
AL,ALB,008,Albania,Europe,Southern Europe,150,039,
AM,ARM,051,Armenia,Asia,Western Asia,142,145,
AO,AGO,024,Angola,Africa,Sub-Saharan Africa,002,202,
AQ,ATA,010,Antarctica,,,,,
AR,ARG,032,Argentina,Americas,Latin America and the Caribbean,019,419,
AS,ASM,016,American Samoa,Oceania,Polynesia,009,061,
AT,AUT,040,Austria,Europe,Western Europe,150,155,
AU,AUS,036,Australia,Oceania,Australia and New Zealand,009,053,
AW,ABW,533,Aruba,Americas,Latin America and the Caribbean,019,419,
AX,ALA,248,Åland Islands,Europe,Northern Europe,150,154,
AZ,AZE,031,Azerbaijan,Asia,Western Asia,142,145,
BA,BIH,070,Bosnia and Herzegovina,Europe,Southern Europe,150,039,
BB,BRB,052,Barbados,Americas,Latin America and the Caribbean,019,419,
BD,BGD,050,Bangladesh,Asia,Southern Asia,142,034,
BE,BEL,056,Belgium,Europe,Western Europe,150,155,
BF,BFA,854,Burkina Faso,Africa,Sub-Saharan Africa,002,202,
BG,BGR,100,Bulgaria,Europe,Eastern Europe,150,151,
BH,BHR,048,Bahrain,Asia,Western Asia,142,145,
BI,BDI,108,Burundi,Africa,Sub-Saharan Africa,002,202,
BJ,BEN,204,Benin,Africa,Sub-Saharan Africa,002,202,
BL,BLM,652,Saint Barthélemy,Americas,Latin America and the Caribbean,019,419,
BM,BMU,060,Bermuda,Americas,Northern America,019,021,
BN,BRN,096,Brunei Darussalam,Asia,South-eastern Asia,142,035,
BO,BOL,068,"Bolivia, Plurinational State of",Americas,Latin America and the Caribbean,019,419,Bolivia
BQ,BES,535,"Bonaire, Sint Eustatius and Saba",Americas,Latin America and the Caribbean,019,419,
BR,BRA,076,Brazil,Americas,Latin America and the Caribbean,019,419,
BS,BHS,044,Bahamas,Americas,Latin America and the Caribbean,019,419,
BT,BTN,064,Bhutan,Asia,Southern Asia,142,034,
BV,BVT,074,Bouvet Island,Americas,Latin America and the Caribbean,019,419,
BW,BWA,072,Botswana,Africa,Sub-Saharan Africa,002,202,
BY,BLR,112,Belarus,Europe,Eastern Europe,150,151,
BZ,BLZ,084,Belize,Americas,Latin America and the Caribbean,019,419,
CA,CAN,124,Canada,Americas,Northern America,019,021,
CC,CCK,166,Cocos (Keeling) Islands,Oceania,Australia and New Zealand,009,053,Cocos  Islands
CD,COD,180,"Congo, Democratic Republic of the",Africa,Sub-Saharan Africa,002,202,Zaire
CF,CAF,140,Central African Republic,Africa,Sub-Saharan Africa,002,202,
CG,COG,178,Congo,Africa,Sub-Saharan Africa,002,202,
CH,CHE,756,Switzerland,Europe,Western Europe,150,155,
CI,CIV,384,Côte d'Ivoire,Africa,Sub-Saharan Africa,002,202,Cote D'Ivoire
CK,COK,184,Cook Islands,Oceania,Polynesia,009,061,
CL,CHL,152,Chile,Americas,Latin America and the Caribbean,019,419,
CM,CMR,120,Cameroon,Africa,Sub-Saharan Africa,002,202,
CN,CHN,156,China,Asia,Eastern Asia,142,030,
CO,COL,170,Colombia,Americas,Latin America and the Caribbean,019,419,
CR,CRI,188,Costa Rica,Americas,Latin America and the Caribbean,019,419,
CU,CUB,192,Cuba,Americas,Latin America and the Caribbean,019,419,
CV,CPV,132,Cabo Verde,Africa,Sub-Saharan Africa,002,202,Cape Verde
CW,CUW,531,Curaçao,Americas,Latin America and the Caribbean,019,419,Netherlands Antilles
CX,CXR,162,Christmas Island,Oceania,Australia and New Zealand,009,053,
CY,CYP,196,Cyprus,Asia,Western Asia,142,145,
CZ,CZE,203,Czechia,Europe,Eastern Europe,150,151,Czech Republic|Czechoslovakia
DE,DEU,276,Germany,Europe,Western Europe,150,155,East Germany|West Germany
DJ,DJI,262,Djibouti,Africa,Sub-Saharan Africa,002,202,
DK,DNK,208,Denmark,Europe,Northern Europe,150,154,
DM,DMA,212,Dominica,Americas,Latin America and the Caribbean,019,419,
DO,DOM,214,Dominican Republic,Americas,Latin America and the Caribbean,019,419,
DZ,DZA,012,Algeria,Africa,Northern Africa,002,015,
EC,ECU,218,Ecuador,Americas,Latin America and the Caribbean,019,419,
EE,EST,233,Estonia,Europe,Northern Europe,150,154,
EG,EGY,818,Egypt,Africa,Northern Africa,002,015,
EH,ESH,732,Western Sahara,Africa,Northern Africa,002,015,
ER,ERI,232,Eritrea,Africa,Sub-Saharan Africa,002,202,
ES,ESP,724,Spain,Europe,Southern Europe,150,039,
ET,ETH,231,Ethiopia,Africa,Sub-Saharan Africa,002,202,
FI,FIN,246,Finland,Europe,Northern Europe,150,154,
FJ,FJI,242,Fiji,Oceania,Melanesia,009,054,
FK,FLK,238,Falkland Islands (Malvinas),Americas,Latin America and the Caribbean,019,419,Falkland Islands
FM,FSM,583,"Micronesia, Federated States of",Oceania,Micronesia,009,057,Micronesia
FO,FRO,234,Faroe Islands,Europe,Northern Europe,150,154,Faeroe Islands
FR,FRA,250,France,Europe,Western Europe,150,155,
GA,GAB,266,Gabon,Africa,Sub-Saharan Africa,002,202,
GB,GBR,826,United Kingdom of Great Britain and Northern Ireland,Europe,Northern Europe,150,154,Northern Ireland|United Kingdom
GD,GRD,308,Grenada,Americas,Latin America and the Caribbean,019,419,
GE,GEO,268,Georgia,Asia,Western Asia,142,145,
GF,GUF,254,French Guiana,Americas,Latin America and the Caribbean,019,419,
GG,GGY,831,Guernsey,Europe,Northern Europe,150,154,
GH,GHA,288,Ghana,Africa,Sub-Saharan Africa,002,202,
GI,GIB,292,Gibraltar,Europe,Southern Europe,150,039,
GL,GRL,304,Greenland,Americas,Northern America,019,021,
GM,GMB,270,Gambia,Africa,Sub-Saharan Africa,002,202,
GN,GIN,324,Guinea,Africa,Sub-Saharan Africa,002,202,
GP,GLP,312,Guadeloupe,Americas,Latin America and the Caribbean,019,419,Guadaloupe
GQ,GNQ,226,Equatorial Guinea,Africa,Sub-Saharan Africa,002,202,
GR,GRC,300,Greece,Europe,Southern Europe,150,039,
GS,SGS,239,South Georgia and the South Sandwich Islands,Americas,Latin America and the Caribbean,019,419,
GT,GTM,320,Guatemala,Americas,Latin America and the Caribbean,019,419,
GU,GUM,316,Guam,Oceania,Micronesia,009,057,
GW,GNB,624,Guinea-Bissau,Africa,Sub-Saharan Africa,002,202,
GY,GUY,328,Guyana,Americas,Latin America and the Caribbean,019,419,
HK,HKG,344,Hong Kong,Asia,Eastern Asia,142,030,
HM,HMD,334,Heard Island and McDonald Islands,Oceania,Australia and New Zealand,009,053,Heard and McDonald Islands
HN,HND,340,Honduras,Americas,Latin America and the Caribbean,019,419,
HR,HRV,191,Croatia,Europe,Southern Europe,150,039,
HT,HTI,332,Haiti,Americas,Latin America and the Caribbean,019,419,
HU,HUN,348,Hungary,Europe,Eastern Europe,150,151,
ID,IDN,360,Indonesia,Asia,South-eastern Asia,142,035,
IE,IRL,372,Ireland,Europe,Northern Europe,150,154,
IL,ISR,376,Israel,Asia,Western Asia,142,145,
IM,IMN,833,Isle of Man,Europe,Northern Europe,150,154,
IN,IND,356,India,Asia,Southern Asia,142,034,
IO,IOT,086,British Indian Ocean Territory,Africa,Sub-Saharan Africa,002,202,
IQ,IRQ,368,Iraq,Asia,Western Asia,142,145,
IR,IRN,364,"Iran, Islamic Republic of",Asia,Southern Asia,142,034,Iran
IS,ISL,352,Iceland,Europe,Northern Europe,150,154,
IT,ITA,380,Italy,Europe,Southern Europe,150,039,
JE,JEY,832,Jersey,Europe,Northern Europe,150,154,
JM,JAM,388,Jamaica,Americas,Latin America and the Caribbean,019,419,
JO,JOR,400,Jordan,Asia,Western Asia,142,145,
JP,JPN,392,Japan,Asia,Eastern Asia,142,030,
KE,KEN,404,Kenya,Africa,Sub-Saharan Africa,002,202,
KG,KGZ,417,Kyrgyzstan,Asia,Central Asia,142,143,Kyrgyz Republic
KH,KHM,116,Cambodia,Asia,South-eastern Asia,142,035,
KI,KIR,296,Kiribati,Oceania,Micronesia,009,057,
KM,COM,174,Comoros,Africa,Sub-Saharan Africa,002,202,
KN,KNA,659,Saint Kitts and Nevis,Americas,Latin America and the Caribbean,019,419,St. Kitts and Nevis
KP,PRK,408,"Korea, Democratic People's Republic of",Asia,Eastern Asia,142,030,North Korea
KR,KOR,410,"Korea, Republic of",Asia,Eastern Asia,142,030,South Korea
KW,KWT,414,Kuwait,Asia,Western Asia,142,145,
KY,CYM,136,Cayman Islands,Americas,Latin America and the Caribbean,019,419,
KZ,KAZ,398,Kazakhstan,Asia,Central Asia,142,143,
LA,LAO,418,Lao People's Democratic Republic,Asia,South-eastern Asia,142,035,
LB,LBN,422,Lebanon,Asia,Western Asia,142,145,
LC,LCA,662,Saint Lucia,Americas,Latin America and the Caribbean,019,419,St. Lucia
LI,LIE,438,Liechtenstein,Europe,Western Europe,150,155,
LK,LKA,144,Sri Lanka,Asia,Southern Asia,142,034,
LR,LBR,430,Liberia,Africa,Sub-Saharan Africa,002,202,
LS,LSO,426,Lesotho,Africa,Sub-Saharan Africa,002,202,
LT,LTU,440,Lithuania,Europe,Northern Europe,150,154,
LU,LUX,442,Luxembourg,Europe,Western Europe,150,155,
LV,LVA,428,Latvia,Europe,Northern Europe,150,154,
LY,LBY,434,Libya,Africa,Northern Africa,002,015,Libyan Arab Jamahiriya
MA,MAR,504,Morocco,Africa,Northern Africa,002,015,
MC,MCO,492,Monaco,Europe,Western Europe,150,155,
MD,MDA,498,"Moldova, Republic of",Europe,Eastern Europe,150,151,Moldova
ME,MNE,499,Montenegro,Europe,Southern Europe,150,039,
MF,MAF,663,Saint Martin (French part),Americas,Latin America and the Caribbean,019,419,
MG,MDG,450,Madagascar,Africa,Sub-Saharan Africa,002,202,
MH,MHL,584,Marshall Islands,Oceania,Micronesia,009,057,
MK,MKD,807,North Macedonia,Europe,Southern Europe,150,039,Macedonia
ML,MLI,466,Mali,Africa,Sub-Saharan Africa,002,202,
MM,MMR,104,Myanmar,Asia,South-eastern Asia,142,035,Burma
MN,MNG,496,Mongolia,Asia,Eastern Asia,142,030,
MO,MAC,446,Macao,Asia,Eastern Asia,142,030,
MP,MNP,580,Northern Mariana Islands,Oceania,Micronesia,009,057,
MQ,MTQ,474,Martinique,Americas,Latin America and the Caribbean,019,419,
MR,MRT,478,Mauritania,Africa,Sub-Saharan Africa,002,202,
MS,MSR,500,Montserrat,Americas,Latin America and the Caribbean,019,419,
MT,MLT,470,Malta,Europe,Southern Europe,150,039,
MU,MUS,480,Mauritius,Africa,Sub-Saharan Africa,002,202,
MV,MDV,462,Maldives,Asia,Southern Asia,142,034,
MW,MWI,454,Malawi,Africa,Sub-Saharan Africa,002,202,
MX,MEX,484,Mexico,Americas,Latin America and the Caribbean,019,419,
MY,MYS,458,Malaysia,Asia,South-eastern Asia,142,035,
MZ,MOZ,508,Mozambique,Africa,Sub-Saharan Africa,002,202,
NA,NAM,516,Namibia,Africa,Sub-Saharan Africa,002,202,
NC,NCL,540,New Caledonia,Oceania,Melanesia,009,054,
NE,NER,562,Niger,Africa,Sub-Saharan Africa,002,202,
NF,NFK,574,Norfolk Island,Oceania,Australia and New Zealand,009,053,
NG,NGA,566,Nigeria,Africa,Sub-Saharan Africa,002,202,
NI,NIC,558,Nicaragua,Americas,Latin America and the Caribbean,019,419,
NL,NLD,528,"Netherlands, Kingdom of the",Europe,Western Europe,150,155,Netherlands
NO,NOR,578,Norway,Europe,Northern Europe,150,154,
NP,NPL,524,Nepal,Asia,Southern Asia,142,034,
NR,NRU,520,Nauru,Oceania,Micronesia,009,057,
NU,NIU,570,Niue,Oceania,Polynesia,009,061,
NZ,NZL,554,New Zealand,Oceania,Australia and New Zealand,009,053,
OM,OMN,512,Oman,Asia,Western Asia,142,145,
PA,PAN,591,Panama,Americas,Latin America and the Caribbean,019,419,
PE,PER,604,Peru,Americas,Latin America and the Caribbean,019,419,
PF,PYF,258,French Polynesia,Oceania,Polynesia,009,061,
PG,PNG,598,Papua New Guinea,Oceania,Melanesia,009,054,
PH,PHL,608,Philippines,Asia,South-eastern Asia,142,035,
PK,PAK,586,Pakistan,Asia,Southern Asia,142,034,
PL,POL,616,Poland,Europe,Eastern Europe,150,151,
PM,SPM,666,Saint Pierre and Miquelon,Americas,Northern America,019,021,St. Pierre and Miquelon
PN,PCN,612,Pitcairn,Oceania,Polynesia,009,061,Pitcairn Island
PR,PRI,630,Puerto Rico,Americas,Latin America and the Caribbean,019,419,
PS,PSE,275,"Palestine, State of",Asia,Western Asia,142,145,Palestinian Territory
PT,PRT,620,Portugal,Europe,Southern Europe,150,039,
PW,PLW,585,Palau,Oceania,Micronesia,009,057,
PY,PRY,600,Paraguay,Americas,Latin America and the Caribbean,019,419,
QA,QAT,634,Qatar,Asia,Western Asia,142,145,
RE,REU,638,Réunion,Africa,Sub-Saharan Africa,002,202,Reunion
RO,ROU,642,Romania,Europe,Eastern Europe,150,151,
RS,SRB,688,Serbia,Europe,Southern Europe,150,039,Serbia and Montenegro|Yugoslavia
RU,RUS,643,Russian Federation,Europe,Eastern Europe,150,151,Russia|Soviet Union
RW,RWA,646,Rwanda,Africa,Sub-Saharan Africa,002,202,
SA,SAU,682,Saudi Arabia,Asia,Western Asia,142,145,
SB,SLB,090,Solomon Islands,Oceania,Melanesia,009,054,
SC,SYC,690,Seychelles,Africa,Sub-Saharan Africa,002,202,
SD,SDN,729,Sudan,Africa,Northern Africa,002,015,
SE,SWE,752,Sweden,Europe,Northern Europe,150,154,
SG,SGP,702,Singapore,Asia,South-eastern Asia,142,035,
SH,SHN,654,"Saint Helena, Ascension and Tristan da Cunha",Africa,Sub-Saharan Africa,002,202,St. Helena
SI,SVN,705,Slovenia,Europe,Southern Europe,150,039,
SJ,SJM,744,Svalbard and Jan Mayen,Europe,Northern Europe,150,154,Svalbard & Jan Mayen Islands
SK,SVK,703,Slovakia,Europe,Eastern Europe,150,151,
SL,SLE,694,Sierra Leone,Africa,Sub-Saharan Africa,002,202,
SM,SMR,674,San Marino,Europe,Southern Europe,150,039,
SN,SEN,686,Senegal,Africa,Sub-Saharan Africa,002,202,
SO,SOM,706,Somalia,Africa,Sub-Saharan Africa,002,202,
SR,SUR,740,Suriname,Americas,Latin America and the Caribbean,019,419,
SS,SSD,728,South Sudan,Africa,Sub-Saharan Africa,002,202,
ST,STP,678,Sao Tome and Principe,Africa,Sub-Saharan Africa,002,202,
SV,SLV,222,El Salvador,Americas,Latin America and the Caribbean,019,419,
SX,SXM,534,Sint Maarten (Dutch part),Americas,Latin America and the Caribbean,019,419,
SY,SYR,760,Syrian Arab Republic,Asia,Western Asia,142,145,
SZ,SWZ,748,Eswatini,Africa,Sub-Saharan Africa,002,202,Swaziland
TC,TCA,796,Turks and Caicos Islands,Americas,Latin America and the Caribbean,019,419,
TD,TCD,148,Chad,Africa,Sub-Saharan Africa,002,202,
TF,ATF,260,French Southern Territories,Africa,Sub-Saharan Africa,002,202,
TG,TGO,768,Togo,Africa,Sub-Saharan Africa,002,202,
TH,THA,764,Thailand,Asia,South-eastern Asia,142,035,
TJ,TJK,762,Tajikistan,Asia,Central Asia,142,143,
TK,TKL,772,Tokelau,Oceania,Polynesia,009,061,
TL,TLS,626,Timor-Leste,Asia,South-eastern Asia,142,035,East Timor
TM,TKM,795,Turkmenistan,Asia,Central Asia,142,143,
TN,TUN,788,Tunisia,Africa,Northern Africa,002,015,
TO,TON,776,Tonga,Oceania,Polynesia,009,061,
TR,TUR,792,Türkiye,Asia,Western Asia,142,145,Turkey
TT,TTO,780,Trinidad and Tobago,Americas,Latin America and the Caribbean,019,419,
TV,TUV,798,Tuvalu,Oceania,Polynesia,009,061,
TW,TWN,158,"Taiwan, Province of China",,,,,Taiwan
TZ,TZA,834,"Tanzania, United Republic of",Africa,Sub-Saharan Africa,002,202,Tanzania
UA,UKR,804,Ukraine,Europe,Eastern Europe,150,151,
UG,UGA,800,Uganda,Africa,Sub-Saharan Africa,002,202,
UM,UMI,581,United States Minor Outlying Islands,Oceania,Micronesia,009,057,
US,USA,840,United States of America,Americas,Northern America,019,021,
UY,URY,858,Uruguay,Americas,Latin America and the Caribbean,019,419,
UZ,UZB,860,Uzbekistan,Asia,Central Asia,142,143,
VA,VAT,336,Holy See,Europe,Southern Europe,150,039,
VC,VCT,670,Saint Vincent and the Grenadines,Americas,Latin America and the Caribbean,019,419,St. Vincent and the Grenadines
VE,VEN,862,"Venezuela, Bolivarian Republic of",Americas,Latin America and the Caribbean,019,419,Venezuela
VG,VGB,092,Virgin Islands (British),Americas,Latin America and the Caribbean,019,419,British Virgin Islands
VI,VIR,850,Virgin Islands (U.S.),Americas,Latin America and the Caribbean,019,419,US Virgin Islands
VN,VNM,704,Viet Nam,Asia,South-eastern Asia,142,035,Vietnam
VU,VUT,548,Vanuatu,Oceania,Melanesia,009,054,
WF,WLF,876,Wallis and Futuna,Oceania,Polynesia,009,061,Wallis and Futuna Islands
WS,WSM,882,Samoa,Oceania,Polynesia,009,061,
XK,XKX,,Kosovo,Europe,Southern Europe,150,039,
YE,YEM,887,Yemen,Asia,Western Asia,142,145,
YT,MYT,175,Mayotte,Africa,Sub-Saharan Africa,002,202,
ZA,ZAF,710,South Africa,Africa,Sub-Saharan Africa,002,202,
ZM,ZMB,894,Zambia,Africa,Sub-Saharan Africa,002,202,
ZW,ZWE,716,Zimbabwe,Africa,Sub-Saharan Africa,002,202,
