alias,iso2,note
United Kingdom,GB,
Northern Ireland,GB,
Turkey,TR,
South Korea,KR,
North Korea,KP,
Netherlands,NL,
Russia,RU,
Soviet Union,RU,historical; mapped to main successor
Iran,IR,
Taiwan,TW,
Czech Republic,CZ,
Czechoslovakia,CZ,historical; mapped to main successor
Yugoslavia,RS,historical; mapped to main successor
Serbia and Montenegro,RS,historical; mapped to main successor
Macedonia,MK,
Vietnam,VN,
Palestinian Territory,PS,
Venezuela,VE,
East Germany,DE,historical; mapped to main successor
West Germany,DE,historical; mapped to main successor
Netherlands Antilles,CW,historical; mapped to main successor
Bolivia,BO,
St. Kitts and Nevis,KN,
Libyan Arab Jamahiriya,LY,
Tanzania,TZ,
Cote D'Ivoire,CI,
Guadaloupe,GP,
Moldova,MD,
Kyrgyz Republic,KG,
Faeroe Islands,FO,
Swaziland,SZ,
Cape Verde,CV,
Svalbard & Jan Mayen Islands,SJ,
Reunion,RE,
