currency_qid,code,fx_iso2,valid_from,valid_to
Q4917,USD,US,,
Q4916,EUR,DE,1999,
Q259502,AUD,AU,,
Q25224,GBP,GB,,
Q41044,RUB,RU,1998,
Q8146,JPY,JP,,
Q31015,HKD,HK,,
Q80524,INR,IN,,
Q1104069,CAD,CA,,
Q39099,CNY,CN,,
Q204992,ITL,IT,,1998
Q4730,MXN,MX,1993,
Q173117,BRL,BR,1994,
Q16068,DEM,DE,,1998
Q199462,EGP,EG,,
Q122922,SEK,SE,,
Q199578,ARS,AR,1992,
Q184172,FRF,FR,,1998
Q202040,KRW,KR,,
Q132643,NOK,NO,,
Q47190,HUF,HU,,
Q208526,TWD,TW,,
Q203354,FIM,FI,,1998
Q123213,PLN,PL,1995,
Q172872,TRY,TR,2005,
Q131016,CZK,CZ,1993,
Q25417,DKK,DK,,
Q177882,THB,TH,,
Q25344,CHF,CH,,
Q81893,UAH,UA,1996,
Q189097,ESP,ES,,1998
Q202036,SRD,SR,2004,
Q25627,LTL,LT,,2014
Q163712,MYR,MY,,
Q17193,PHP,PH,,
Q203567,NGN,NG,,
Q1472704,NZD,NZ,,
Q1546443,GRD,GR,,2000
Q131473,ISK,IS,,
Q190951,SGD,SG,,
Q133011,LVL,LV,,2013
Q209792,JMD,JM,,
Q192090,VND,VN,,
